,1 Foundational Institutions,2.01 I-Human Capital,2.02 I-Funding,2.03 I-Infrastructure,2.04 I-Demand,2.05 I-Culture & Incentives,3.01 E-Human Capital,3.02 E-Funding,3.03 E-Infrastructure,3.04 E-Demand,3.05 E-Culture & Incentives,4 Comparative Advantage,5 Impact
1,3.5219999999999994,2.278,1.56,3.3175,3.11,2.5149999999999997,3.115,2.2999999999999994,3.6275000000000004,3.4299999999999997,3.233333333333333,2.9299999999999997,1.9854545454545454
0,3.169,2.034666666666667,1.74,3.31,2.716666666666667,1.795,3.075,1.7233333333333334,3.7125000000000004,3.175,2.611666666666667,2.58,2.094545454545455
2,3.9130000000000003,2.5806666666666667,1.2025,3.6925,2.9600000000000004,1.9549999999999998,4.155,2.2066666666666666,3.9974999999999996,3.205,4.121666666666667,3.11,2.3754545454545455
5,3.1769999999999996,1.8279999999999998,1.84,3.265,2.8766666666666665,2.755,2.975,1.991666666666667,3.6775,3.46,3.228333333333333,2.74,2.0881818181818184
4,3.929,2.992,1.95,3.9524999999999997,3.0766666666666667,3.83,3.19,2.4233333333333333,4.2925,3.365,2.91,2.84,2.27
3,3.78,2.1713333333333336,1.5025000000000002,3.615,2.57,1.245,3.045,2.0050000000000003,3.9050000000000002,2.74,2.6133333333333333,2.48,2.2578787878787874
