Country,1 Foundational Institutions,2.01 I-Human Capital,2.02 I-Funding,2.03 I-Infrastructure,2.04 I-Demand,2.05 I-Culture & Incentives,3.01 E-Human Capital,3.02 E-Funding,3.03 E-Infrastructure,3.04 E-Demand,3.05 E-Culture & Incentives,4 Comparative Advantage,5 Social Impact,6 Economic Impact,GNI per capita,SEDA Score
México,3.5223999999999998,2.363914181523067,1.2380619809637592,2.782978647222426,3.1026666666666665,2.516,3.117367521367522,2.299475265170514,3.7016000000000004,3.426,2.9533297702026395,2.9281333333333333,3.916165582255448,2.6652176598424893,1.440818314661471,2.968
Uruguay,3.7807999999999993,2.2341820921996076,1.464988534351864,2.8336980514978753,2.578222222222222,1.2428,3.046433566433566,2.0067018476094343,3.9259999999999997,2.7408,3.051111035960497,2.4826666666666664,4.489483320408996,2.605598321779124,1.7720409157330734,3.56
España,3.926800000000001,2.822386452488579,1.899158837637054,3.191019639987929,3.0773333333333337,3.83,3.1898057498057497,2.423850937778343,4.264933333333333,3.365,2.6145886668184115,2.8393333333333333,4.111115207370792,2.6756959563630045,2.461763273258646,3.9
Brasil,3.1779999999999995,1.8267063491841213,1.6622439327566314,2.707139543419217,2.8791111111111114,2.7542,2.975760683760684,1.991286521891028,3.694933333333333,3.4638,3.3760301579448533,2.7410666666666668,3.9967378448088855,2.389176772512209,1.4262055528494886,2.972
Argentina,3.1684,2.051076363636364,1.6820021283877145,2.740698426680369,2.729777777777778,1.793,3.076940170940171,1.7254753382509602,3.679066666666666,3.1718,2.8912819498617854,2.5830666666666664,3.9842460955263177,2.4050711741162827,1.5270336093521677,3.2319999999999998
Chile,3.9124000000000003,2.413202830323444,1.1849340026124588,3.1001091781056545,2.9657777777777774,1.9536000000000002,4.15417871017871,2.2079896078308856,3.9350666666666663,3.2030000000000003,3.4694165539946287,3.1112,4.424643464790176,2.6762993888752193,1.7126156843643447,3.504
